FIP;County_Name;pop1970;pop1971;pop1972;pop1973;pop1974;pop1975;pop1976;pop1977;pop1978;pop1979;pop1980;pop1981;pop1982;pop1983;pop1984;pop1985;pop1986;pop1987;pop1988;pop1989;pop1990;pop1991;pop1992;pop1993;pop1994;pop1995;pop1996;pop1997;pop1998;pop1999;pop2000;pop2001;pop2002;pop2003;pop2004;pop2005;pop2006;pop2007;pop2008;pop2009;pop2010;pop2011;pop2012;pop2013;pop2014;pop2015;pop2016
48001;Anderson County;27789;29500;30700;30600;30900;32100;33500;34800;36500;38000;38381;40730;41873;44378;45215;46020;46495;46256;48084;48602;47914;47983;48060;48943;49628;51676;51809;52118;52121;52209;55068;54110;54365;55573;55573;56031;56381;56754;56709;57001;58485;58355;58010;57889;57742;57580;57580
48003;Andrews County;10372;11000;11100;10600;10800;11700;11900;12000;12400;12800;13323;14076;15142;15742;15752;16345;16509;15329;14968;14476;14284;14472;14448;14140;14185;14002;13910;13945;14047;13738;12911;12769;12887;12816;12794;12743;12868;13144;13662;14057;14835;15393;16121;16800;17457;18105;18105
48005;Angelina County;49349;51500;53100;54200;54600;55900;57400;58400;60400;62000;64172;65914;67879;68337;68314;68500;69088;68311;68777;69589;69976;70759;71902;73004;74054;74642;75366;76334;77290;77587;80245;79983;80263;80662;80926;81126;82097;82585;82841;83675;86917;87325;87623;87661;87875;88255;88255
48007;Aransas County;8902;9700;10400;10600;10800;11300;11700;12300;13200;14000;14260;14908;16105;16519;17259;17707;18128;17972;18060;17954;17879;18404;19090;19611;20737;21072;21741;22480;22819;23129;22537;22517;23007;23384;23748;24405;24388;24327;24549;24826;23200;23325;23688;24162;24933;25350;25350
48009;Archer County;5759;5700;5800;6100;6100;6300;6400;6500;6700;7000;7266;7537;7651;7954;8099;8041;8069;7980;8007;7963;7977;7751;7701;7823;7952;8144;8229;8213;8282;8256;8917;8797;8882;8936;8987;8962;8937;8894;8973;8912;9108;8836;8781;8754;8808;8715;8715
48011;Armstrong County;1895;1900;1700;1900;1700;1800;1900;1900;1900;1900;1994;2006;1967;2045;2022;2054;2197;2175;2108;2043;2020;1943;1945;2025;2071;2099;2142;2186;2156;2196;2166;2149;2071;2053;2094;2124;2093;2059;2084;2065;1899;1931;1945;1957;1948;1947;1947
48013;Atascosa County;18696;19200;20000;21100;21200;21700;22000;22800;23500;24500;25055;25595;26475;27586;28251;28746;29426;29912;30526;30502;30545;31138;31451;31870;32683;33748;34676;35344;36389;37442;38874;39874;40823;41306;42079;42458;43009;43594;43925;44633;44964;45473;46452;47077;47812;48435;48435
48015;Austin County;13831;14200;14100;14600;14700;15000;15200;15700;16200;17000;17726;18363;19408;20148;20588;20794;20812;20226;19638;19526;19909;20276;20812;21414;21754;22250;22624;22957;23401;23843;23745;24191;24580;25033;25518;25762;26139;26656;27032;27248;28379;28598;28560;28713;28994;29563;29563
48017;Bailey County;8487;8400;8700;8600;8500;8600;8300;8200;8000;8100;8168;8313;8138;8172;7899;7769;7823;7477;7376;7258;7035;6929;6791;6726;6686;6795;6780;6773;6846;6717;6583;6539;6448;6501;6557;6534;6422;6282;6289;6273;7154;7192;7136;7130;6960;7210;7210
48019;Bandera County;4747;4900;5200;5800;5700;6000;6000;6300;6500;6700;7084;7173;7559;8098;8551;9109;9377;9798;10118;10376;10622;10765;11085;11687;12543;13495;14273;14946;15816;16611;17811;18197;18731;19117;19294;19483;19821;20318;20501;20560;20551;20556;20616;20621;20916;21269;21269
48021;Bastrop County;17297;18500;19500;20400;20900;21200;21600;22200;22700;24100;24726;26437;28439;29667;32045;34545;37166;38076;38509;38496;38201;38573;39489;40567;42315;44353;46894;48834;50438;52561;58293;61278;63774;66149;67559;68769;70375;72184;73436;74876;74329;75147;74886;76032;78148;80527;80527
48023;Baylor County;5221;5200;5100;5200;5000;4900;4900;4800;4700;4800;4919;5035;5229;5240;5156;4858;4907;4739;4670;4462;4361;4260;4244;4215;4222;4216;4191;4155;4157;4088;4080;3940;3900;3931;3932;3854;3833;3860;3723;3677;3717;3711;3616;3607;3586;3618;3618
48025;Bee County;22737;24000;24600;24300;24400;24800;25000;24900;25100;25600;26030;26573;27262;27909;27633;26536;25920;26537;26290;25869;24962;25187;24580;25593;26110;27603;27702;27918;27739;27534;32251;31815;31972;32852;32635;32439;32378;32437;32325;32487;31886;32309;32440;32759;32911;32874;32874
48027;Bell County;124483;127600;140200;153600;156800;156700;160600;162800;166000;162500;157820;163335;167053;170366;174169;179511;181509;185489;186680;189222;191397;189390;190615;201537;216147;217870;220873;221643;223167;222687;239135;242573;248009;253903;255529;261709;266536;278342;285598;285787;312978;316120;323096;326654;329394;334941;334941
48029;Bexar County;830460;861600;876600;899600;913000;919300;935200;953100;967400;977100;988971;1016859;1046457;1071709;1094803;1122089;1153625;1177581;1178654;1181297;1187593;1205687;1229583;1252932;1269318;1291729;1309673;1336027;1354837;1372867;1397813;1414511;1439835;1462052;1487463;1511506;1550921;1588905;1621304;1651448;1722989;1755901;1789834;1823749;1860274;1897753;1897753
48031;Blanco County;3567;3800;3600;4200;4100;4300;4300;4400;4400;4600;4681;4680;4791;4898;4985;5376;5530;5688;5996;6033;5964;6260;6594;6777;6998;7458;7820;8224;8338;8511;8456;8634;8702;8732;8856;8947;8967;8991;9082;9198;10503;10558;10622;10635;10798;11004;11004
48033;Borden County;888;900;800;800;800;800;800;800;900;900;859;846;975;1011;932;846;849;815;804;820;795;757;721;766;746;783;765;764;766;769;715;676;681;660;664;630;624;586;599;595;643;628;613;638;654;648;648
48035;Bosque County;10966;11500;11800;11900;12000;12200;12500;12700;13000;13500;13401;13420;13779;14141;14304;14421;14626;14862;15075;15042;15122;15379;15556;15729;16101;16416;16655;16678;16548;16699;17235;17330;17416;17541;17716;17785;17797;17785;17604;17631;18258;18248;18114;17870;17734;17891;17891
48037;Bowie County;68909;68600;68700;68100;69100;71300;72300;73100;73700;74700;75301;76125;76898;78525;79188;80607;80657;80888;81498;81167;81842;81975;82361;82937;83406;83489;84065;83611;83287;83509;89247;89224;89190;89300;89652;89933;91091;91564;92655;93964;92675;92684;93006;93400;93298;93389;93389
48039;Brazoria County;108312;112500;115200;118700;123700;130200;136200;143200;152400;161300;169587;175391;179584;184144;186330;187971;188086;185844;185189;188099;192586;198493;202772;207090;211015;214311;218530;223309;228859;234303;243152;248355;255306;261132;267879;274045;283934;293106;301228;309208;314498;319375;324503;330340;338176;346312;346312
48041;Brazos County;57978;60000;64200;69200;74000;72900;76500;79800;86100;90600;93588;102388;112349;116543;118965;121901;123112;122254;121377;121125;121969;122841;125228;129243;130348;130839;130688;132220;132919;134213;152903;154218;156870;159516;161181;163617;167874;170562;174864;179992;195686;197505;200327;204286;209201;215037;215037
48043;Brewster County;7780;7700;8300;7900;7900;7800;7700;7200;7400;7500;7573;7708;7878;8410;8698;8426;8199;8417;8665;8696;8627;8467;8610;8544;8816;9030;9061;8859;8830;8793;8877;8947;9097;9234;9182;9050;9094;9176;9280;9481;9271;9354;9247;9281;9148;9145;9145
48045;Briscoe County;2794;2600;2500;2600;2600;2600;2600;2600;2600;2500;2579;2548;2471;2344;2290;2214;2071;1972;2052;2063;1949;1871;1914;1848;1854;1907;1895;1927;1887;1825;1776;1723;1683;1678;1662;1601;1562;1494;1469;1428;1631;1647;1564;1545;1535;1505;1505
48047;Brooks County;8005;8300;8500;8200;8100;8300;8400;8300;8200;8300;8428;8536;8630;8711;8797;8646;8616;8603;8500;8394;8181;8093;8204;8261;8261;8338;8449;8392;8427;8416;7946;7670;7675;7643;7617;7589;7524;7472;7413;7377;7199;7215;7184;7236;7242;7230;7230
48049;Brown County;25877;27500;28200;28100;29100;30400;31100;31100;31500;32600;33057;33817;34849;35608;35764;34929;34660;34397;34670;34430;34306;34501;34236;34375;35216;36332;36537;36753;36834;36847;37713;37624;37813;37629;37960;38197;38507;38229;38106;38088;38117;38016;37865;37764;37625;37896;37896
48051;Burleson County;9999;10300;10900;11100;11100;11100;11200;11400;11500;11800;12313;13286;14670;14618;14709;14595;14775;14270;13994;13692;13619;13688;13913;14506;14639;14982;15169;15362;15560;15614;16533;16610;16561;16697;16723;16851;16624;16560;16566;16570;17216;17244;17326;17166;17270;17460;17460
48053;Burnet County;11420;12200;13500;14600;15100;15200;15400;16000;16500;17100;17803;18265;19116;20169;21354;22368;23568;24115;23321;22732;22676;22807;23147;24034;25610;27931;29473;30856;32272;34120;34546;35994;37305;38441;39869;40958;42544;43777;44583;45149;42763;43347;43588;43882;44441;45463;45463
48055;Caldwell County;21178;21500;21500;22200;22200;22100;22400;22500;22800;23000;23637;24275;24538;25224;25698;26572;27446;27360;27281;26810;26309;26679;26998;27425;28129;29635;30447;31282;32023;32820;32463;33698;34692;35244;36076;36216;36286;36630;37533;37810;38104;38464;38711;39243;39797;40522;40522
48057;Calhoun County;17831;17900;18200;18100;17800;18400;18400;18700;18900;19400;19574;20387;21181;21576;21210;21010;20736;20314;19536;19071;19055;19413;20034;20350;20526;20499;20613;20628;20590;20426;20665;20662;20381;20315;20347;20278;20319;20296;20453;20573;21327;21349;21559;21734;21791;21895;21895
48059;Callahan County;8205;8400;8700;9000;8900;9300;9700;10000;10400;10800;10992;10909;11796;12528;12832;12747;12618;12624;12303;12210;11776;11812;11877;12062;12283;12324;12563;12748;12796;12915;12917;12714;12800;12887;13105;13208;13215;13309;13342;13426;13518;13535;13519;13528;13520;13557;13557
48061;Cameron County;140368;147800;157500;166900;172200;182800;189400;194700;198900;205500;209727;220184;230718;238878;242355;245894;250996;253714;254410;256512;261693;269166;277166;287950;296948;304459;311522;317719;324046;329131;336443;342262;349544;357097;364330;370735;376882;382703;389164;396371;407626;413130;415977;418071;420400;422156;422156
48063;Camp County;8005;8100;8200;8100;8100;8200;8300;8500;8800;9000;9275;9426;9797;10078;9836;9860;9901;9880;9872;9874;9906;10002;10123;10395;10484;10514;10712;10960;10933;10943;11596;11460;11647;11698;11865;12174;12288;12518;12673;12793;12412;12409;12461;12413;12617;12682;12682
48065;Carson County;6358;6300;6200;6200;6000;6200;6300;6300;6500;6700;6672;6951;7325;7473;7285;7163;7097;7003;6787;6623;6557;6521;6510;6513;6613;6666;6662;6673;6707;6754;6505;6379;6488;6355;6329;6376;6323;6256;6164;6110;6164;6271;6110;5981;6007;5969;5969
48067;Cass County;24133;24100;24800;25900;26400;26900;27200;27600;28200;28900;29430;30077;30710;30595;30414;30410;30341;30149;30315;30029;29978;30143;30104;30346;30307;30495;30595;30656;30745;30620;30405;30014;29868;29676;29545;29444;29339;29350;29237;29203;30430;30499;30184;30369;30274;30313;30313
48069;Castro County;10394;10500;10200;10000;10000;10300;10500;10500;10500;10500;10556;10531;10474;10283;10014;9925;9678;9526;9364;9304;9002;8800;8708;8605;8533;8507;8381;8292;8314;8264;8219;8054;7897;7764;7592;7473;7275;7171;7118;7130;8110;8056;8194;8027;7805;7656;7656
48071;Chambers County;12187;12600;13200;13200;13600;14500;14800;15700;16700;17800;18538;18811;19676;20218;20249;20815;20474;20038;19541;19876;20111;20278;20455;20828;21323;22026;22629;23261;23791;23993;26162;26557;26967;27227;27682;28035;28342;28816;29366;31431;35422;35614;36406;37240;38132;38863;38863
48073;Cherokee County;32008;33700;34700;35000;35500;35200;35100;35200;35700;36800;38127;38643;38856;39371;39933;40089;40639;40841;40885;41224;41003;40720;40661;40833;40707;42085;42449;42807;43306;43653;46712;46722;46671;47121;47384;47577;47803;48118;48235;48473;50915;51020;51218;51005;51052;51542;51542
48075;Childress County;6605;6400;6500;6400;6400;6600;6600;6600;6600;6700;6950;6893;6937;6885;6784;6531;6422;6449;6181;5955;5952;5945;6217;6286;6259;7665;7670;7693;7586;7543;7688;7599;7544;7562;7587;7471;7531;7537;7562;7548;7063;7010;7083;7048;7065;7088;7088
48077;Clay County;8079;8500;8700;7200;8400;8400;8400;8700;8900;9100;9582;9628;10016;10243;10304;10294;10159;9986;10072;10105;9996;9770;9647;9814;9987;10115;10387;10449;10534;10511;11076;11154;11321;11309;11321;11363;11205;11116;10933;10893;10732;10683;10517;10452;10381;10360;10360
48079;Cochran County;5326;5600;5600;5200;5000;5000;5100;4900;4900;4900;4825;4760;4890;4613;4589;4625;4337;4279;4252;4420;4372;4165;4205;4111;4119;4136;4038;3925;3918;3781;3706;3655;3487;3434;3306;3252;3155;3087;2979;2927;3137;3070;3020;2998;2923;2953;2953
48081;Coke County;3087;3100;3200;3100;3100;3200;3200;3200;3200;3200;3196;3381;3546;3744;3743;3673;3579;3554;3607;3475;3401;3387;3364;3389;3414;3341;3378;3393;3375;3351;3849;3819;3757;3712;3604;3588;3568;3388;3356;3311;3319;3282;3221;3206;3242;3238;3238
48083;Coleman County;10288;10300;10200;9900;10300;10400;10400;10500;10500;10600;10439;10556;10578;10740;10920;10617;10381;10125;10026;9831;9675;9413;9522;9524;9574;9582;9657;9700;9514;9443;9178;9068;8858;8715;8656;8536;8606;8492;8578;8480;8878;8738;8667;8526;8413;8338;8338
48085;Collin County;66920;70200;75700;86200;94800;99300;105000;113700;124900;135900;144576;153957;164703;175366;189057;204221;218233;230458;242017;253558;266638;278048;290426;307843;327043;347792;372266;400571;428345;456612;500162;537779;568810;596599;627748;659840;699675;732986;763438;791631;788629;814698;837480;858717;886052;914127;914127
48087;Collingsworth County;4755;4500;4400;4500;4600;4600;4600;4700;4600;4700;4648;4632;4596;4392;4349;4098;3895;3797;3786;3644;3550;3501;3513;3465;3364;3351;3297;3314;3267;3172;3193;3102;3101;3030;3028;2979;2948;2969;3010;3058;3055;3098;3027;3098;3024;3044;3044
48089;Colorado County;17638;17100;17000;17200;17400;17100;17300;17400;17600;18200;18823;19319;19884;20239;20424;20424;20153;19566;19066;18425;18367;18261;18344;18338;18505;18530;18584;18874;18909;19052;20342;20192;20363;20502;20413;20415;20509;20523;20672;20650;20884;20807;20692;20739;20675;20870;20870
48091;Comal County;24165;25700;27600;28800;29200;30100;31100;32600;33800;35300;36446;37704;39057;40875;42951;45098;47111;49110;50121;51567;51943;53228;55282;57502;60825;63867;67578;70446;73519;76770;78748;81434;84247;86955;90995;94677;100243;105234;110119;114525;109299;112059;114931;118682;123439;129048;129048
48093;Comanche County;11898;11900;12000;11900;12100;12200;12200;12200;12300;12400;12617;12833;13119;13474;13450;13378;13388;13289;13445;13305;13366;13289;13347;13478;13368;13417;13498;13556;13530;13584;13994;13668;13498;13400;13482;13528;13549;13471;13478;13559;13963;13881;13727;13574;13502;13430;13430
48095;Concho County;2937;3100;3100;2900;2800;2800;2800;2800;2800;2900;2915;3019;3096;3119;3160;3073;3060;2943;2927;2983;3060;3052;3073;3123;3115;3060;3095;3088;3098;3002;3954;3860;3818;3783;3742;3703;3569;3584;3616;3579;4098;4140;4065;4098;4045;4081;4081
48097;Cooke County;23471;24000;24100;24500;25300;25700;25700;25600;25800;26600;27656;28438;28894;29028;29174;29397;29623;30536;30689;30051;30951;30605;30950;30860;31276;31684;32162;32829;32919;33391;36462;36898;37457;37685;37918;38251;38366;38422;38430;38650;38456;38403;38790;38553;38828;39229;39229
48099;Coryell County;35311;36900;42300;50300;52400;51500;56500;56900;57900;57500;56767;57472;59496;59235;57608;60121;58620;60858;62316;63638;64355;61622;64294;67436;71965;73208;73735;73572;73822;73629;75010;73772;73341;73573;72666;73148;71741;72605;73062;72529;75604;76610;76860;76162;75507;75503;75503
48101;Cottle County;3204;3000;2900;3000;2900;3000;3000;3000;3000;2900;2947;2846;2845;2823;2794;2706;2528;2450;2386;2322;2219;2153;2098;2077;2038;2005;1980;1947;1917;1889;1890;1783;1738;1710;1702;1671;1605;1542;1566;1566;1506;1509;1485;1449;1427;1426;1426
48103;Crane County;4172;4200;4100;4100;4000;4200;4300;4400;4400;4500;4600;4812;5115;5513;5458;5241;5260;4878;4752;4673;4630;4712;4635;4543;4582;4450;4474;4456;4445;4290;3949;3891;3867;3804;3801;3742;3738;3862;4021;4165;4380;4365;4564;4746;4927;5048;5048
48105;Crockett County;3885;4200;4300;4000;4000;4300;4200;4300;4600;4600;4608;4953;5155;5166;4941;4720;4625;4480;4239;4107;4071;4112;4061;4145;4200;4333;4348;4502;4503;4396;4026;3861;3858;3875;3870;3859;3746;3782;3792;3740;3709;3673;3711;3752;3781;3710;3710
48107;Crosby County;9085;9100;9100;9000;9000;9100;8900;8800;8800;8700;8859;8855;8560;8507;8320;8014;7731;7474;7393;7352;7325;7254;7208;7201;7270;7301;7321;7335;7225;7056;7056;6960;6854;6719;6627;6519;6472;6249;6210;6109;6045;6085;6096;5988;5888;5977;5977
48109;Culberson County;3429;3400;3400;3300;3400;3400;3400;3400;3400;3400;3315;3402;3574;3675;3729;3600;3555;3589;3482;3357;3404;3258;3201;3195;3241;3209;3171;3104;3006;3018;2944;2854;2812;2754;2665;2611;2545;2491;2435;2300;2399;2378;2307;2292;2266;2236;2236
48111;Dallam County;6012;5900;6200;6300;6300;6400;6500;6600;6600;6600;6531;6621;6587;6388;6378;6225;6091;5702;5508;5543;5452;5509;5545;5670;5902;6297;6264;6385;6553;6627;6227;6178;6094;6046;6071;6066;6002;6137;6265;6293;6744;6834;6983;7025;7108;7121;7121
48113;Dallas County;1327696;1351100;1353300;1370400;1398000;1426800;1459500;1476500;1497500;1522100;1556419;1597905;1637637;1678364;1713907;1760803;1805314;1816641;1814458;1832113;1860388;1891099;1909824;1926440;1941621;1961007;1986996;2016929;2045309;2062100;2225371;2267590;2280415;2287070;2297435;2316657;2353448;2381873;2411921;2451730;2373464;2409778;2456444;2485781;2519625;2553385;2553385
48115;Dawson County;16604;16500;16800;16500;16500;16400;16500;16600;16500;16300;16184;16384;16645;16619;15884;15931;16009;15011;14941;14637;14297;14152;14096;15103;15059;15356;15126;14711;14630;14442;14941;14854;14411;14325;14011;14030;13925;13806;13735;13657;13835;13788;13648;13250;13505;13520;13520
48117;Deaf Smith County;18999;19000;18800;19700;19800;20100;20600;20800;20900;21100;21165;21100;20566;20616;20791;20095;19887;19700;19343;19184;19172;18805;18768;19054;19094;19230;19204;19195;19071;18800;18492;18294;18259;18171;18311;18294;18253;18339;18420;18353;19446;19486;19373;19213;19201;18952;18952
48119;Delta County;4927;4800;4800;4900;5000;4900;4900;4800;4800;4800;4839;4803;4855;4943;4966;4779;4782;4794;4861;5065;4803;4816;4738;4677;4755;4831;4901;4947;4946;4973;5337;5327;5432;5390;5508;5433;5500;5371;5455;5410;5238;5198;5298;5186;5218;5217;5217
48121;Denton County;75633;81300;89500;101000;106600;106300;109400;116000;125400;134800;143126;154322;166463;176180;192176;211105;228790;242476;252657;261883;276203;284610;294288;305439;319517;333105;347804;363925;383369;404074;438994;464862;489526;512229;533323;558026;589882;615172;637516;658616;666962;685861;708300;729690;754792;780612;780612
48123;DeWitt County;18660;18800;18800;18500;18500;18400;18400;18500;18300;18500;18903;19033;19670;19905;19966;19762;19738;19242;18976;18958;18785;18458;18419;18331;18215;19554;19651;19672;19574;19275;19980;20076;19977;19947;20044;20162;19885;19719;19626;19713;20058;20302;20455;20480;20668;20797;20797
48125;Dickens County;3737;3800;3900;3600;3400;3500;3500;3600;3600;3500;3539;3381;3317;3282;3148;3075;2879;2803;2762;2748;2534;2447;2461;2448;2404;2341;2314;2266;2236;2176;2729;2666;2698;2681;2652;2579;2489;2471;2416;2439;2445;2398;2314;2282;2205;2206;2206
48127;Dimmit County;9039;9300;9900;9700;10000;10500;10800;11200;11400;11500;11367;11759;11948;12019;11961;11742;11616;11284;11095;10631;10388;10652;10483;10531;10652;10424;10358;10429;10410;10349;10208;10063;10055;10068;9942;9988;9902;9764;9739;9772;10036;10096;10471;10868;10995;10980;10980
48129;Donley County;3641;3900;3700;4000;3800;3800;3900;3800;3900;3900;4075;4131;4169;4270;4175;4044;4020;3877;3819;3788;3671;3553;3548;3634;3729;3833;3835;3801;3833;3827;3829;3852;3849;3921;3941;3862;3808;3826;3715;3664;3731;3685;3657;3576;3522;3499;3499
48131;Duval County;11722;12100;12400;12200;11900;12100;11900;12100;12100;12200;12517;12693;13083;13546;13529;13649;13889;13634;13459;13118;12858;12744;12724;12716;12794;13396;13374;13566;13624;13647;13042;12889;12760;12611;12583;12479;12335;12146;12026;12010;11721;11793;11582;11605;11519;11388;11388
48133;Eastland County;18092;18700;18900;18500;18400;18600;18900;18900;18800;19000;19480;20299;20841;21381;21028;20562;20324;19844;19336;18761;18408;18260;17976;17958;17809;17935;17883;17743;17628;17489;18302;18031;18178;18213;18281;18320;18277;18325;18212;18167;18589;18580;18410;18250;18230;18171;18171
48135;Ector County;92660;93600;94500;93300;96700;99600;102400;104700;108200;111400;115374;123418;135501;138041;134006;133225;133588;125180;122067;119722;118688;120124;121346;121480;121880;121779;122430;122773;124794;123748;120685;120591;121768;122021;123243;124187;126076;128874;131180;134625;137078;139733;144552;149666;154399;159436;159436
48137;Edwards County;2107;2000;1900;1800;1900;2000;1900;2000;1900;2000;2033;2146;2218;2269;2262;2225;2218;2189;2219;2175;2284;2255;2473;2765;3011;3164;3496;3611;3657;3668;2141;2050;2016;1983;1952;1918;1887;1928;1944;1863;1997;1971;1972;1876;1879;1894;1894
48139;Ellis County;46638;47400;49100;50600;52300;52500;53000;54200;55500;57400;59743;61067;62621;65246;68408;73050;77032;80585;82735;84491;85387;86564;88166;90025;91863;94013;97175;100537;103734;107580;112394;115709;119498;123679;127171;131764;137523;142809;147909;151737;150376;152406;153779;156110;159365;163632;163632
48141;El Paso County;359291;369200;378400;398200;411500;427300;440300;450000;460600;472300;479899;497523;511892;521038;529668;538809;549592;559479;568804;580982;595965;611299;624906;642744;657866;668890;674005;685388;694603;701908;680942;684780;688771;694672;702433;708683;720756;727828;738416;751296;803638;820015;831864;832457;835545;835593;835593
48143;Erath County;18141;18300;18800;19400;20100;19900;20000;20500;21000;21800;22560;23198;23921;24607;25487;25678;25896;26878;27454;27669;28053;28340;28534;29053;29877;30363;30742;31344;31367;31469;33052;32877;33315;33641;34226;34490;35319;35482;35793;36184;37887;38987;39470;39999;40617;41122;41122
48145;Falls County;17300;17600;18000;17700;17600;17400;17400;17100;17100;17300;17946;17978;18321;18490;18516;18041;18101;17786;17650;17725;17708;17501;17541;17832;17844;17714;17818;17665;17500;17263;18517;18159;17850;17765;17636;17475;17334;16857;16794;16782;17882;17869;17605;17260;17176;17142;17142
48147;Fannin County;22705;22900;23000;23700;23500;23600;23000;23200;23300;23600;24285;24266;24324;24631;24924;24672;24633;24785;25035;24866;24793;24506;24519;24860;25059;26640;27555;27864;28366;28677;31342;31307;31588;32062;32247;32659;32870;32872;33018;32999;33912;33925;33692;33653;33776;33693;33693
48149;Fayette County;17650;17700;18000;17400;17200;17200;17300;17400;17700;18400;18832;19775;20962;20957;20752;21356;21743;21440;21074;20278;20017;19914;20280;20591;20807;21025;20992;21033;21276;21390;21830;22193;22274;22315;22332;22366;22472;22566;22805;22891;24528;24747;24725;24794;24870;25110;25110
48151;Fisher County;6344;6300;6400;6100;6000;5900;6000;6100;6000;6000;5891;5853;5833;5982;5637;5613;5320;5330;5275;4961;4817;4639;4572;4506;4460;4518;4442;4321;4273;4190;4335;4234;4202;4129;4046;4041;3998;3948;3907;3866;3954;3955;3837;3842;3828;3827;3827
48153;Floyd County;11044;10800;10700;10500;10100;10400;10100;10000;9700;9600;9834;9679;9526;9103;9062;8887;8466;8493;8475;8614;8467;8449;8424;8226;8152;8221;8222;8187;8201;8112;7737;7452;7290;7362;7131;6970;6840;6640;6493;6474;6405;6384;6365;6266;5972;5901;5901
48155;Foard County;2211;2400;2300;2300;2200;2100;2200;2100;2100;2100;2158;2136;2125;2077;2038;2062;2016;1943;1971;1823;1781;1740;1697;1676;1666;1706;1717;1702;1676;1631;1609;1623;1550;1527;1507;1457;1453;1398;1360;1334;1338;1354;1308;1272;1268;1220;1220
48157;Fort Bend County;52314;56400;61400;70000;73600;80600;86400;96300;106900;118600;130962;142092;157335;172517;182145;191195;195440;197373;202503;214217;228383;241522;255094;267709;279344;291254;306121;320162;336822;353697;358759;375122;396554;416208;437642;458234;484522;508260;532609;556870;590581;607482;626808;654626;686650;716087;716087
48159;Franklin County;5291;5500;5700;5500;5600;6000;6000;6200;6400;6700;6893;7144;7259;7415;7511;7541;7717;7685;7608;7619;7851;7913;7989;8361;8642;8976;9305;9554;9736;9945;9467;9595;9624;9699;9859;10906;10943;11028;10856;10841;10600;10535;10626;10591;10593;10651;10651
48161;Freestone County;11116;11700;12200;12600;12900;13300;13100;13500;13900;14400;14830;15418;15825;16546;16865;17123;17246;16782;16379;15960;15799;15738;15680;16617;16664;17318;17438;17529;17646;17647;17912;18095;18314;18333;18484;18582;18811;18820;19077;19390;19810;19599;19439;19556;19647;19691;19691
48163;Frio County;11159;11200;11300;11700;11800;13600;13500;14000;13900;13800;13785;13777;14155;14141;13967;13893;13596;13660;13435;13306;13548;14382;15149;15228;15329;15603;15781;15798;15837;15918;16194;16214;16294;16204;16161;16141;16140;16104;16138;16156;17246;17468;17836;18168;18577;18793;18793
48165;Gaines County;11593;11600;11400;11500;11600;12100;12200;12300;12400;12700;13150;13649;14011;14373;14554;15027;14864;14130;13951;14071;14106;14141;14182;14145;14401;14558;14630;14716;14871;14767;14438;14246;14074;14178;14226;14382;14559;14807;15071;15382;17570;18021;18381;18846;19279;20051;20051
48167;Galveston County;169812;173000;175100;175200;176200;178800;184900;189400;191700;194800;195738;201604;208781;213335;213410;214651;213436;210864;211351;213305;218346;222881;227336;231932;234275;236990;239739;242310;244993;248469;250719;254545;260102;265136;269569;274494;278865;283540;288489;286814;292538;295611;301395;307303;314283;322225;322225
48169;Garza County;5289;5200;5300;5400;5300;5300;5300;5300;5300;5400;5336;5612;5802;5910;5823;5785;5710;5620;5302;5171;5132;5047;4978;4995;4780;4659;4666;4691;4602;4515;4859;5032;4982;4943;5007;4789;4864;4744;4659;4659;6468;6577;6456;6411;6445;6415;6415
48171;Gillespie County;10553;11000;11600;11300;11600;11900;12300;12300;12700;13200;13532;13923;14409;14942;15583;15756;16298;16651;16778;17070;17226;17447;17853;18547;18865;19207;19466;19775;19994;20396;20911;21092;21543;22032;22321;22664;23242;23484;23872;24180;24876;25029;25159;25330;25509;25963;25963
48173;Glasscock County;1155;1100;1100;1100;1100;1100;1100;1100;1100;1200;1304;1274;1298;1378;1419;1411;1321;1370;1442;1432;1443;1462;1436;1512;1472;1422;1396;1415;1382;1443;1401;1345;1332;1324;1283;1265;1195;1162;1211;1221;1231;1233;1258;1243;1291;1315;1315
48175;Goliad County;4869;5000;5000;5000;4900;4800;4800;4800;4800;5000;5193;5324;5541;5876;5813;5818;5791;5864;5877;6003;5964;6014;6026;6083;6066;6342;6542;6814;6989;7125;6974;6997;7009;7067;6987;6969;6999;7001;7029;7033;7223;7208;7338;7464;7507;7531;7531
48177;Gonzales County;16375;16800;16800;16800;16600;16800;16700;16700;16400;16600;16949;17518;18569;18768;18645;18571;18493;18374;17861;17598;17114;17233;17163;17188;17337;17380;17455;17522;17485;17561;18673;18702;18850;19122;19299;19559;19513;19372;19498;19610;19795;19763;19936;20174;20413;20573;20573
48179;Gray County;26949;26800;25700;25100;25000;25300;25400;25300;25100;25600;26386;27126;28243;28451;27969;27693;26963;25726;24749;24714;23785;23563;23494;23508;23296;23330;23857;23646;23593;23299;22578;22094;21762;21511;21220;21356;21596;21830;22101;22074;22459;22575;22818;22895;23419;23210;23210
48181;Grayson County;83225;80700;77000;77200;79200;82200;84100;84100;84800;87500;89796;91140;91857;92562;93722;94827;96787;95717;95246;95499;95005;95582;95292;95911;96829;97792;99892;100670;102019;103728;110993;112375;113256;114358;114908;115526;117030;118191;118786;120030;121042;121249;121601;122165;123419;125467;125467
48183;Gregg County;75929;76400;78400;80800;81800;84900;87000;90000;92600;96700;99495;103480;109624;110647;110163;109691;108334;106457;105201;104456;105105;106877;107820;108491;109329;110119;111534;112432;112948;113155;111287;111642;112403;113152;113735;114366;115898;116938;117665;119637;122015;122482;122942;123197;123159;124108;124108
48185;Grimes County;11855;12100;12400;12300;12400;12300;12300;12500;12800;13200;13580;14451;15659;17725;18549;19264;19171;19064;18927;18756;18876;19148;19426;19926;20992;21542;22038;22857;23336;24033;23608;24170;24634;24853;24989;25072;25322;25752;25946;26011;26614;26694;26705;26824;27069;27512;27512
48187;Guadalupe County;33554;35000;37000;39200;40800;41700;42800;43700;45000;46000;46708;48487;50038;52024;54032;55963;58440;61299;62798;63984;65019;65899;66768;68586;70741;72648;74873;77592;80453;82808;89883;92075;94132;96445;99038;102313;107670;112581;117341;121432;132560;135857;139733;143189;147272;151249;151249
48189;Hale County;34137;35000;36100;36100;36100;36700;36600;36800;37000;37400;37592;38300;38023;37705;37235;36510;36262;36099;35578;34981;34656;34760;35238;35133;35430;36371;36450;36497;36702;36491;36581;35799;35460;35342;35971;35707;35733;35646;35179;35408;36346;36426;36329;35802;34602;34360;34360
48191;Hall County;6015;5800;5800;6200;6100;6100;6000;5800;5800;5700;5594;5366;5226;5193;4981;4792;4596;4276;4148;4017;3884;3886;3869;3802;3784;3711;3731;3674;3630;3594;3762;3756;3712;3692;3658;3600;3564;3410;3376;3327;3352;3310;3278;3186;3105;3138;3138
48193;Hamilton County;7198;7700;7800;7700;7800;7800;7700;7700;7900;8100;8297;8276;8239;8357;8382;8164;8173;8237;7900;7792;7716;7573;7554;7474;7437;7494;7559;7639;7651;7609;8233;8112;7960;8060;7965;7992;8064;8073;8082;8043;8488;8415;8294;8270;8190;8159;8159
48195;Hansford County;6351;6300;6300;6100;6200;6200;6300;6200;6100;6200;6209;6245;6389;6475;6399;6487;6297;6102;6085;5983;5817;5686;5643;5464;5391;5257;5279;5348;5349;5399;5345;5272;5195;5140;5111;5134;5144;5202;5345;5406;5602;5581;5523;5546;5537;5610;5610
48197;Hardeman County;6795;6800;6500;6400;6300;6500;6400;6300;6200;6200;6368;6585;6472;6599;6497;6325;6058;5892;5677;5472;5232;4977;5008;4957;4934;4861;4780;4660;4565;4389;4715;4582;4496;4458;4372;4293;4254;4126;4011;3874;4156;4122;4055;4011;3934;3840;3840
48199;Hardin County;29996;30700;31900;32800;33800;34100;35500;36900;38200;39500;40721;41451;42235;43116;43270;42619;41969;41298;41118;41093;41383;42287;43349;44593;45617;46453;47359;48646;49147;49684;48154;48375;48863;49158;49812;50607;50844;51741;52405;53424;54811;55027;55102;55340;55540;55865;55865
48201;Harris County;1741913;1799000;1836200;1880700;1947100;2028700;2111900;2180400;2259000;2337500;2409547;2546583;2696632;2757212;2757361;2747170;2782260;2745987;2730720;2763975;2833351;2898703;2958101;2998398;3034628;3064758;3104190;3149515;3202021;3250404;3413678;3483124;3557879;3615199;3670543;3732321;3855798;3909239;3980602;4070989;4108187;4181238;4262504;4352462;4447577;4538028;4538028
48203;Harrison County;44841;45700;45700;45300;46000;47400;48100;48500;49800;51300;52265;53668;55528;56586;57202;56876;57276;57375;57379;57611;57433;57097;57191;57855;58088;58602;59114;59386;59781;59797;62057;62290;62003;61836;62371;62476;63294;63299;63775;64795;65704;66352;66300;66214;66471;66746;66746
48205;Hartley County;2782;3100;3000;2900;3300;3500;3700;3800;3800;3900;3987;4159;3992;4086;4132;4207;4046;3842;3875;3640;3624;3635;3693;3723;3762;5087;5243;5137;5142;5274;5538;5469;5095;5398;5293;5190;5181;5202;4905;4968;6055;6081;6153;6061;6119;6193;6193
48207;Haskell County;8512;8300;8300;7900;7800;7800;7900;7600;7600;7600;7725;7734;7657;7697;7608;7397;7227;7071;7031;6998;6762;6716;6701;6615;6424;6280;6207;6125;6125;5970;6043;5925;5712;5585;5465;5425;5259;5147;5090;5002;5880;5978;5894;5890;5767;5737;5737
48209;Hays County;27642;29400;32400;34500;35900;34100;34500;35800;37600;39200;40594;42970;43502;46907;50826;56225;61367;63261;64542;65422;65743;67001;68425;70533;74337;78389;81705;85580;89304;92755;99070;104899;111935;116379;120364;126470;133418;142000;149424;155545;158275;163291;168571;176114;185096;194739;194739
48211;Hemphill County;3084;3400;3400;3500;3800;4300;4500;4700;4800;5100;5304;5705;6427;6338;5754;5267;4706;4121;4070;3807;3701;3668;3466;3402;3466;3527;3595;3598;3527;3471;3325;3300;3300;3268;3281;3313;3321;3307;3410;3463;3797;3957;4069;4121;4163;4264;4264
48213;Henderson County;26466;28300;29900;32000;32900;33800;34900;37000;39000;41200;42606;44140;46057;48151;50542;52844;54880;56261;57460;57849;58622;59107;59948;61026;62067;63908;65303;67266;68988;70673;73540;74033;75046;76703;78224;78459;78923;78813;78757;78921;78656;78688;78953;78635;79259;79545;79545
48215;Hidalgo County;181535;193400;204900;217000;223800;238700;249000;258700;266100;275500;283323;298559;313256;326453;334571;341145;350514;358307;365499;377106;386777;401292;420042;441118;460297;476589;489948;504072;519661;534907;573398;588533;607449;627164;646523;665475;683719;701862;721275;741152;779143;795272;807776;819173;831561;842304;842304
48217;Hill County;22596;22900;23100;23700;23700;23700;23800;23800;24000;24600;25024;25001;25748;26358;27034;26850;26727;27002;26990;26988;27205;27403;27558;27901;28309;28973;29485;30068;30559;31060;32596;32921;33349;34058;34443;34647;35004;35223;35681;35840;35129;35171;35086;34774;34731;34855;34855
48219;Hockley County;20396;21100;21200;21000;20700;21100;21200;21400;22000;22700;23230;23937;24679;25106;25285;25708;25294;24304;24476;24271;24181;24449;24607;24546;24389;23954;23915;23836;23705;23374;22656;22571;22575;22676;22564;22636;22385;22224;22278;22272;22858;22974;23120;23486;23599;23433;23433
48221;Hood County;6368;7600;8200;9100;10300;10800;11700;13200;14900;16400;17714;18391;19418;21279;22812;23925;25116;26570;28414;29467;28919;30074;30974;30842;31736;33440;34901;36008;37259;38750;41468;42658;43635;44760;45768;46862;48378;49376;50724;51462;51282;51489;52149;52889;53904;55423;55423
48223;Hopkins County;20710;21300;22400;22600;22500;22800;23300;23700;24200;24800;25247;25545;26366;27204;28051;28540;29083;28833;29343;29057;28806;28968;29071;29129;29456;29707;30062;30142;30350;30614;32015;32178;32266;32493;32881;33103;33470;34023;34145;34581;35202;35314;35398;35431;35857;36223;36223
48225;Houston County;17855;18600;19200;18900;18700;18900;19300;19900;20700;21500;22299;22641;22509;22441;21664;21723;21733;21959;21728;21630;21327;21467;21527;21727;21862;21913;21719;21842;22033;22223;23160;23021;22980;22914;23017;22791;22705;22668;22531;22363;23693;23361;23134;22735;22731;22785;22785
48227;Howard County;37796;38900;39700;38400;38200;38000;37900;37000;33800;33400;33142;34192;36541;36868;36404;35203;35501;33943;33499;32844;32229;32165;32113;32071;32149;32256;32330;32099;32076;31687;33453;33029;32970;32599;32385;32034;31880;32167;32597;32940;35009;35009;35523;36238;36551;37206;37206
48229;Hudspeth County;2392;2400;2400;2500;2600;2700;2700;2600;2500;2600;2728;2953;3057;2935;2717;2725;2687;2707;2820;2868;2903;2879;2895;2901;2883;3094;3153;3201;3192;3238;3345;3356;3312;3224;3189;3218;3225;3202;3086;3115;3464;3411;3337;3312;3211;3379;3379
48231;Hunt County;47948;48900;48000;49000;50600;51700;52600;52400;53000;54200;55248;56898;58758;61008;62368;63594;64512;64530;65077;64542;64300;63947;64976;65672;65722;66559;67690;68733;70239;71717;76931;78212;79774;80179;81013;81433;82085;82398;82271;82831;86337;86768;87266;87562;88822;89844;89844
48233;Hutchinson County;24443;25100;25700;24000;23600;24400;24500;24800;24900;25600;26304;27647;29899;30528;29519;28694;27949;26503;26407;26059;25569;25601;25320;25175;24872;24508;24201;23937;24041;23711;23769;23176;23023;22603;22242;21902;21840;21716;21411;21538;22204;21973;21954;21812;21815;21734;21734
48235;Irion County;1070;1200;1100;1100;1100;1100;1100;1100;1300;1300;1386;1463;1549;1633;1792;1875;1789;1762;1615;1659;1622;1577;1621;1635;1660;1643;1704;1697;1724;1693;1769;1699;1740;1729;1702;1701;1757;1728;1707;1741;1609;1605;1574;1600;1568;1554;1554
48237;Jack County;6711;6500;6300;6300;6400;6500;6600;6800;7000;7100;7408;7523;7953;7791;8007;7970;7845;7795;7469;7158;6919;6773;6794;6803;6875;6982;7205;7314;7440;7481;8757;8645;8825;8798;8813;8819;8848;8690;8601;8497;9014;9045;9007;8921;8880;8878;8878
48239;Jackson County;12975;12900;13100;12800;12600;12600;12700;12800;12900;13200;13352;13752;13905;14153;14027;13899;13955;13573;13373;13143;12997;12823;12969;13400;13559;13568;13628;13693;13671;13648;14411;14215;14229;14134;14126;14144;14079;14002;14105;14274;14077;14021;14253;14611;14729;14816;14816
48241;Jasper County;24692;24900;25400;26000;26100;26900;27400;28400;29000;29900;30781;31258;31449;31939;32323;32283;31800;31728;31540;31221;31031;31103;31345;31860;32199;32541;32916;33275;33438;33494;35589;35622;35465;35239;35024;34978;34183;34329;34294;34370;35799;36236;35846;35668;35583;35506;35506
48243;Jeff Davis County;1527;1400;1500;1500;1500;1500;1500;1600;1600;1600;1647;1708;1650;1743;1771;1829;1826;1837;1872;1958;1930;1913;1924;2034;2092;2071;2162;2231;2364;2415;2229;2221;2180;2205;2202;2198;2204;2210;2247;2258;2345;2299;2301;2221;2185;2156;2156
48245;Jefferson County;246402;246700;245700;240100;238700;242100;244400;246200;245800;248700;248651;252245;256258;256959;255996;252820;243101;242690;239959;238927;239325;241421;242986;244835;243995;244420;242451;241406;241219;241332;251628;249190;248274;247251;246834;246063;240392;241488;242201;243237;252451;253346;251394;252874;252439;254308;254308
48247;Jim Hogg County;4654;4700;4600;4800;4700;4800;4700;4700;4800;5000;5168;5300;5467;5498;5385;5448;5390;5183;5189;5166;5092;5082;5080;5089;5094;5061;4992;4905;5011;4972;5268;5156;5152;5051;5045;5035;4971;4900;4960;4997;5286;5275;5256;5221;5245;5200;5200
48249;Jim Wells County;33032;33800;33900;33700;33500;34100;34300;34500;34900;35700;36498;37317;38677;39968;40306;40388;40588;39425;38679;37811;37641;38020;38106;38694;39034;39508;39612;39767;40055;40212;39375;39767;39939;40147;40504;40680;40683;41055;40963;41001;40892;41205;41660;41682;41378;41382;41382
48251;Johnson County;45769;48400;50400;53100;55900;56200;58200;60800;62800;65600;67649;70029;73412;77279;82715;86968;91996;95861;96672;97106;97244;98416;100199;101829;104296;107640;110295;113855;118200;122594;127978;131681;134816;138175;141338;143765;146192;149540;153889;156997;151259;151955;153394;154699;157213;159990;159990
48253;Jones County;16106;16700;16400;16000;16200;16400;16700;16900;17000;17200;17268;17376;17693;18618;18475;18257;17943;17697;17224;16812;16388;16126;15740;17848;18039;18466;18766;18686;18625;18846;20723;20122;19977;19902;19713;19527;19407;19154;19066;18961;20223;20240;19858;20005;19816;19970;19970
48255;Karnes County;13462;13600;13000;13000;12900;13100;12800;12800;13000;13200;13593;13626;13777;13674;13698;13340;13287;13134;12676;12652;12403;12322;12223;12228;12360;12416;15327;15246;15188;15112;15431;15387;15229;15184;15180;15049;15097;15050;15076;15029;14861;14963;14878;14724;14857;14975;14975
48257;Kaufman County;32392;33300;34800;35600;36400;35400;34800;35300;36100;37600;39038;40139;41570;43851;45138;46503;48900;50548;51915;51912;52441;53589;54255;55886;57999;59709;61564;63703;65535;68065;72091;75177;77743;81493;84564;87872;92055;96603;100399;103038;103882;105293;106675;108490;111295;114690;114690
48259;Kendall County;6964;7300;7800;8400;8700;8800;9100;9500;9700;10300;10635;11064;11390;11652;12293;12516;13162;13493;14108;14459;14677;15238;15844;16898;18462;19287;19742;20373;21190;21865;23965;24515;25169;26206;27086;28411;29855;31229;32923;34053;33645;34511;35732;37419;38761;40384;40384
48261;Kenedy County;678;600;500;600;600;600;600;600;600;600;543;518;514;475;558;570;552;508;505;492;455;430;437;436;423;434;430;430;452;436;419;416;420;414;423;433;401;387;383;369;418;440;441;426;412;407;407
48263;Kent County;1434;1400;1500;1300;1300;1300;1200;1300;1300;1300;1145;1125;1177;1114;1210;1133;1097;1091;1036;1006;1008;989;971;956;945;891;867;874;879;854;844;808;802;771;759;739;716;719;707;703;809;819;834;796;783;764;764
48265;Kerr County;19454;19900;20700;22300;23000;23700;24400;25500;26600;27700;28780;29433;30292;31571;33084;34592;35631;35556;36111;36241;36355;36739;37681;38244;39205;40256;41339;41966;42667;43234;43826;44206;44654;44897;45571;46169;47082;47488;47928;48381;49648;49627;49771;49879;50512;50955;50955
48267;Kimble County;3904;3900;3800;3900;3900;4100;4000;4000;3900;4000;4063;4175;4171;4252;4225;4166;4254;4196;4241;4129;4114;4131;4112;4224;4153;4119;4199;4153;4141;4238;4490;4487;4498;4473;4509;4537;4492;4425;4431;4539;4589;4598;4540;4468;4435;4388;4388
48269;King County;464;300;400;400;400;400;400;400;400;400;425;427;420;379;395;387;406;373;382;365;353;327;339;331;348;318;337;348;359;318;358;314;309;312;317;295;292;292;281;286;288;258;270;272;262;282;282
48271;Kinney County;2006;1900;2000;2000;2100;2200;2200;2200;2200;2200;2279;2403;2408;2476;2669;2706;2850;2933;2874;3037;3132;3132;3182;3143;3284;3338;3391;3369;3474;3465;3383;3385;3397;3294;3261;3279;3284;3313;3243;3274;3595;3606;3620;3603;3505;3549;3549
48273;Kleberg County;33166;33900;34300;35000;33700;33000;33100;32900;33000;33100;33358;34015;34743;34873;34975;33998;32850;31906;31351;30954;30074;29975;30350;30612;30542;30203;30252;30194;30103;29680;31510;31134;31194;31105;30890;30678;30491;30638;30729;30647;32058;32057;32129;32101;31999;31857;31857
48275;Knox County;5972;5900;5900;5800;5600;5700;5600;5600;5500;5300;5329;5355;5617;5554;5625;5443;5347;5141;5009;4806;4847;4773;4787;4697;4611;4580;4399;4309;4225;4104;4244;4018;3950;3884;3771;3622;3557;3467;3357;3322;3723;3740;3761;3771;3850;3860;3860
48277;Lamar County;36062;37200;37600;38700;38500;39400;40200;40500;40500;41300;42156;42490;42676;43390;43651;43441;43725;43582;43565;44046;43982;44051;44269;44913;44693;44941;45337;45595;45880;46050;48608;48488;48752;49009;49015;49046;49017;48974;48961;48965;49812;49940;49770;49223;49457;49440;49440
48279;Lamb County;17770;17700;17600;17500;17000;17300;17500;18000;18300;18500;18669;18666;18661;17948;17730;17150;16561;15925;15695;15488;15008;14884;14777;14706;14810;14810;14853;14822;14762;14765;14649;14496;14525;14472;14320;14251;13946;13815;13532;13162;14000;14093;13916;13730;13585;13385;13385
48281;Lampasas County;9323;9900;11100;12800;12700;12900;12700;12800;13000;12700;12005;11908;12499;12651;12920;13013;13256;13359;13377;13603;13525;13486;13664;14387;15216;16466;17101;17458;17738;17700;17877;18129;18682;19014;20217;19567;20270;20696;20909;20915;19755;19944;20117;20205;20242;20588;20588
48283;La Salle County;5014;5200;5400;5200;5100;5300;5500;5700;5700;5600;5514;5668;5926;5972;5968;5789;5635;5361;5296;5175;5275;5402;5392;5982;5958;6024;5977;5981;6036;5992;5877;5788;5828;5854;5901;5998;5905;5925;5818;5810;6901;6995;7133;7421;7473;7631;7631
48285;Lavaca County;17903;17800;18300;17900;18100;18100;18300;18500;18700;19100;19004;19176;19578;19489;19543;19523;19540;19043;19247;18999;18633;18718;18544;18606;18670;18695;18737;18729;18838;18912;19170;18864;18930;18887;18784;18756;18679;18648;18539;18539;19241;19222;19451;19543;19692;19836;19836
48287;Lee County;8048;8300;8400;8700;8600;9100;9000;9100;9400;9900;10952;12392;14048;13819;13939;14082;14382;13996;13530;13045;12801;12848;13014;13425;13766;14015;14380;14726;14885;14871;15717;16020;16135;16218;16167;16210;16185;16165;16224;16231;16604;16603;16548;16592;16677;16898;16898
48289;Leon County;8738;8500;8400;8600;8700;8700;8600;8700;8900;9300;9594;10077;10719;11530;12238;13029;13036;12729;12748;12675;12655;12837;13000;13127;13602;13853;14102;14413;14481;14870;15428;15490;15755;15813;15852;16108;16338;16377;16843;16923;16745;16830;16738;16652;16791;17086;17086
48291;Liberty County;33014;35300;37000;38100;37300;38600;39900;42000;43700;45800;47088;49013;51576;53564;54033;53772;54338;52865;52199;52236;52857;53687;54748;56201;58315;61725;62762;64309;65154;67161;70562;71632;73264;73712;74333;74384;74396;74810;75335;75779;75857;76074;76471;77032;78200;79654;79654
48293;Limestone County;18100;19100;19800;19000;19300;19700;19700;19900;19900;20000;20224;20589;20688;21382;21535;22007;21548;21948;21590;21122;20901;20868;20735;20825;20740;20725;20624;20697;20747;20620;22046;22045;22273;22393;22513;22399;22481;22407;22262;22287;23467;23550;23623;23354;23421;23320;23320
48295;Lipscomb County;3486;3600;3500;3300;3200;3200;3400;3300;3300;3300;3766;4029;4465;4398;4388;4156;3831;3541;3376;3222;3120;3087;3034;2988;2927;2994;3052;3008;2962;3023;3031;2940;2996;3024;2933;2930;2962;2998;2986;3094;3284;3349;3441;3492;3565;3569;3569
48297;Live Oak County;6697;6500;6600;6900;6900;7100;7300;7600;8100;8600;9606;9879;9932;9803;9729;9595;9635;9468;9614;9554;9543;9730;9748;9963;10080;10101;10194;10110;10149;10103;12279;12084;11919;11685;11569;11465;11352;11293;11201;11046;11547;11525;11678;11850;12081;12229;12229
48299;Llano County;6979;7300;7600;8500;8900;9000;9100;9600;9700;10200;10144;9997;10567;11169;11596;11885;11936;12120;11962;11726;11626;11695;11810;12017;12460;12725;12991;13167;13449;13843;17095;17430;17707;17881;17857;17958;17941;18279;18297;18274;19343;18944;19086;19348;19440;19796;19796
48301;Loving County;164;100;100;100;100;100;100;100;100;100;91;87;84;91;87;83;91;94;99;107;106;101;139;124;136;138;141;105;116;113;64;62;66;60;45;54;55;54;40;45;83;95;81;103;87;112;112
48303;Lubbock County;179295;185700;192000;192100;196000;198400;200600;203800;207400;209900;211651;213350;215688;219308;221095;219679;220946;220943;222021;222932;222815;223873;224133;226765;229668;231015;230932;230066;228220;227890;243074;246447;248910;252427;254466;256252;259855;262895;265372;270550;280256;283420;286098;289899;295039;299453;299453
48305;Lynn County;9107;8700;9000;9100;8800;8600;8800;8800;8700;8500;8605;8467;8245;8047;7879;7806;7240;7023;6971;6900;6724;6732;6742;6648;6646;6496;6524;6596;6714;6657;6486;6406;6367;6142;6052;6035;6014;5781;5701;5674;5902;5879;5773;5693;5753;5724;5724
48307;McCulloch County;8571;8500;8300;8300;8600;8700;8600;8600;8600;8700;8735;8771;8890;8873;8968;9196;8873;8837;9156;9064;8710;8382;8338;8417;8431;8512;8735;8730;8715;8802;8171;7984;7838;7895;7986;7892;7915;7806;7873;7980;8226;8278;8281;8267;8200;8341;8341
48309;McLennan County;147553;149900;153000;156200;159400;158800;162400;164200;166400;169200;170755;173739;175640;179181;181304;183163;186467;186733;186698;187791;189562;191064;191924;193719;197326;198780;201104;202385;203214;204244;214093;215561;217272;219485;222335;223819;225559;228241;230849;233378;235939;237827;239416;241524;243088;245671;245671
48311;McMullen County;1095;1000;1100;900;900;800;800;800;800;800;789;782;828;841;913;919;866;866;921;816;815;785;808;791;798;819;790;794;795;801;851;839;827;844;789;859;845;873;840;810;712;702;736;766;804;820;820
48313;Madison County;7693;7700;7600;8000;8400;8700;9000;9000;9600;10000;10649;11106;11547;11723;11788;11556;11533;11419;11138;11031;10903;11009;11074;11409;11386;11708;11822;11760;11852;11881;12971;13675;12741;12939;13079;13048;13156;13245;13228;13333;13742;13736;13726;13812;13852;14065;14065
48315;Marion County;8517;8000;8100;8500;8900;9100;9300;9500;9800;10100;10360;10463;10825;10907;10594;10217;9947;9942;10359;10033;9951;9916;9979;10000;10058;10230;10428;10597;10894;10998;10945;11029;10933;10976;10818;10751;10724;10649;10421;10306;10497;10434;10308;10225;10114;10160;10160
48317;Martin County;4774;4900;4900;5100;4900;4900;5100;5100;4700;4700;4684;4970;5306;5471;5426;5396;5363;5186;5116;5056;4927;4814;4923;5004;4967;4957;4886;4993;5019;4988;4720;4687;4635;4522;4352;4390;4376;4416;4474;4581;4816;4905;4993;5269;5450;5641;5641
48319;Mason County;3356;3300;3400;3400;3400;3500;3500;3500;3500;3500;3683;3622;3657;3608;3677;3656;3616;3522;3470;3530;3398;3348;3396;3455;3498;3564;3603;3653;3673;3646;3741;3755;3742;3779;3829;3824;3873;3902;3885;3965;4015;4032;4048;4145;4073;4032;4032
48321;Matagorda County;27913;28300;29400;28100;28600;29100;30000;32100;34100;36300;37828;38524;37325;37579;39648;40331;40483;40232;39134;37450;36799;37634;37802;38372;38515;38194;37856;37852;37987;37828;37958;37912;37795;37832;37571;37320;36973;36732;37038;36978;36705;36699;36554;36500;36469;36770;36770
48323;Maverick County;18093;19000;19900;21400;21600;23300;25300;27000;28200;29800;31398;33010;34029;34980;34804;34729;34674;35105;35567;35622;36743;38411;40088;41826;43140;44532;45674;46710;47660;48639;47357;47561;48315;48959;49408;49852;50615;50999;51833;53203;54487;55347;55853;56644;57188;57706;57706
48325;Medina County;20249;20600;20900;21900;22300;22300;22500;22700;22700;23000;23164;23214;23569;24079;24274;24760;25675;26165;26783;27044;27405;28002;28484;30098;31351;33348;34599;35920;36910;37698;39462;39931;40486;41187;41868;42366;43199;43749;44228;44728;46132;46517;46830;47319;47876;48417;48417
48327;Menard County;2646;2800;2800;2700;2600;2500;2500;2400;2400;2400;2346;2362;2313;2420;2488;2319;2374;2436;2436;2358;2222;2203;2263;2297;2331;2389;2310;2347;2323;2262;2356;2321;2326;2285;2229;2165;2137;2104;2125;2127;2236;2223;2225;2149;2150;2164;2164
48329;Midland County;65433;66400;66500;66200;68400;70700;72900;74100;76200;78800;82636;88994;98653;106724;106493;108601;111902;107101;106323;106438;106718;108737;110643;111814;113252;114137;115019;117529;119120;118490;115487;115779;116953;117957;119145;120487;123391;126082;129159;132316;136990;140139;147185;152057;155990;161077;161077
48331;Milam County;20028;20500;20800;20400;20600;20900;20800;21000;21400;22000;22732;23181;23255;23613;23872;24186;24228;23694;23256;23008;22919;22830;22999;23181;23522;23573;23850;24092;24197;24302;24239;24379;24893;24793;24980;24833;24866;24729;24846;24628;24687;24636;24143;24174;24254;24513;24513
48333;Mills County;4212;4400;4400;4300;4300;4500;4400;4400;4300;4300;4477;4549;4554;4659;4715;4651;4639;4558;4544;4570;4510;4525;4525;4644;4657;4697;4730;4718;4748;4726;5127;5039;5055;4982;4989;5075;4971;4983;4991;4994;4950;4868;4835;4884;4886;4900;4900
48335;Mitchell County;9073;8700;8700;9000;9100;9000;9000;9100;9100;9200;9088;9124;9605;9493;9406;9090;9174;8756;8604;8285;7946;7749;7732;7745;8650;9043;9000;8712;8832;8782;9638;9576;9416;9342;9240;9273;9227;9287;9241;9347;9417;9390;9317;8992;9081;9067;9067
48337;Montague County;15326;15900;15900;16000;16300;16600;16700;16800;16900;17300;17410;17746;18529;18586;18439;18457;18374;18083;17855;17389;17240;17238;17323;17347;17678;17805;17950;18400;18573;18753;19132;19177;19115;19286;19314;19384;19581;19614;19640;19568;19713;19734;19527;19438;19428;19262;19262
48339;Montgomery County;49479;57200;65500;75500;77600;84800;90000;100500;110900;122200;127222;136500;150025;160975;165147;168585;169898;169534;170791;175584;184119;192933;202872;212671;222541;233351;245182;257951;271801;287644;297345;311693;326872;341928;358333;373445;393601;412630;431238;447718;459336;471737;485004;499574;519054;537559;537559
48341;Moore County;14060;14400;13700;13400;13600;14300;14900;15300;15600;16000;16575;17205;17756;18348;18127;18182;18596;18323;18247;17871;17840;18021;18039;18845;18990;19140;19086;19241;19582;19734;20102;20172;19947;19906;19980;19809;19969;19816;20200;20736;22001;22114;22449;22293;22293;22255;22255
48343;Morris County;12310;12900;13300;12900;13200;13700;13800;14100;14200;14500;14629;14926;15464;15117;14701;14333;14333;13862;13616;13610;13111;13061;12929;13169;13150;13181;13290;13296;13360;13140;13030;13146;13102;13036;12852;12832;12960;13014;12821;12635;12915;12809;12740;12743;12691;12516;12516
48345;Motley County;2178;2100;2100;1900;1900;1900;2000;1900;1900;1800;1950;1880;1871;1875;1741;1647;1595;1711;1664;1584;1513;1461;1428;1411;1410;1324;1295;1311;1330;1317;1442;1354;1331;1344;1301;1294;1280;1278;1270;1282;1210;1216;1200;1195;1153;1148;1148
48347;Nacogdoches County;36362;38500;40700;42100;43100;43500;44200;44200;44400;45700;46786;47786;48978;50142;51091;51413;52336;53029;53213;54423;54816;54827;54723;55174;55841;55837;56010;56624;56243;56147;59258;59615;59508;59900;60525;61064;61938;62569;63351;64117;64667;65652;65863;65198;65271;65664;65664
48349;Navarro County;31150;31400;32300;32900;32800;33300;33200;33600;33800;34400;35323;36774;37097;38206;39095;39392;40043;40196;40063;39965;39923;39792;39928;40238;40367;40878;41184;41091;41600;41872;45312;45994;46631;47036;47692;48159;48782;48818;49034;49440;47852;48085;48087;48060;48034;48323;48323
48351;Newton County;11657;11400;11400;11500;12000;11900;12000;12200;12600;12900;13254;13326;13405;13457;13487;13378;13589;13553;13591;13683;13527;13424;13461;13718;13928;14409;14254;14401;14258;14346;15039;14943;14773;14663;14208;14175;13819;13748;13726;13667;14429;14492;14323;14209;14146;13986;13986
48353;Nolan County;16220;16400;17200;16500;16200;16400;16600;17000;17200;17300;17359;17694;18163;18116;17930;17806;17347;17352;17012;16842;16538;16358;16169;16143;16323;16340;16397;16404;16433;16253;15749;15338;15048;15010;14871;14599;14590;14580;14909;14917;15246;15128;14891;15074;15105;15107;15107
48355;Nueces County;237544;246100;252500;250400;250000;255000;259600;259700;260500;264600;268215;273807;282413;288832;290729;291727;294650;291019;289542;289745;291700;296108;299749;304371;309178;310979;313436;315447;315723;315469;313300;311783;312891;312938;315324;317218;319029;318902;320319;323046;340314;343217;347926;352950;356494;359715;359715
48357;Ochiltree County;9704;9500;8900;8700;8800;9000;9000;8900;9000;9100;9588;10197;11057;11111;11036;11139;10808;10081;9579;9196;9103;8850;8783;8582;8549;8504;8698;8810;8791;8683;8985;9089;9013;8838;8962;9144;9273;9472;9589;9791;10173;10435;10611;10699;10720;10747;10747
48359;Oldham County;2258;2600;2600;2500;2500;2500;2500;2400;2300;2200;2283;2296;2350;2418;2476;2464;2409;2326;2321;2390;2270;2209;2226;2233;2227;2214;2235;2231;2158;2210;2192;2169;2127;2142;2116;2089;2087;2069;2082;2118;2050;2075;2047;2091;2072;2069;2069
48361;Orange County;71170;72400;73600;73000;74000;75500;77300;80000;80800;82700;83838;86337;87402;87102;85763;84969;82761;81577;80577;80318;80560;81747;82740;83383;83914;84043;84059;84536;84769;85240;84906;84140;83882;83621;83678;83602;81822;82496;82871;81816;82010;82339;82959;83010;83519;84260;84260
48363;Palo Pinto County;28962;27600;24100;22500;21000;21700;23200;23200;23100;23500;24062;24620;25605;25945;26011;25935;25831;25170;25339;25176;25038;25071;24719;24920;25043;25009;25326;25539;25889;26156;27084;27086;27056;27145;27086;27255;27557;27344;27532;27567;28060;28084;27820;27832;27976;27895;27895
48365;Panola County;15894;16700;17300;16800;17300;17400;17800;18700;19200;20000;20724;21221;22067;22441;22363;22074;21740;21766;22072;21977;22061;22084;22198;22229;22444;22644;22722;23031;23047;22978;22757;22718;22845;22864;22677;22867;23145;23028;23186;23310;23785;24035;24014;23846;23839;23766;23766
48367;Parker County;33888;33700;32300;33400;35200;35000;36500;37700;39600;42200;44609;46179;47243;49077;51326;54281;57457;59134;61769;63450;65261;66509;67759;69313;71206;73333;75914;78773;82266;85427;89241;91647;93961;96742;98903;101320;104690;108639;112054;114919;117328;118526;119790;120169;122565;126042;126042
48369;Parmer County;10509;11000;11200;10700;10800;10900;10800;10800;10700;10800;11038;11052;10943;10698;10398;10393;10209;9962;9929;9968;9880;9929;9975;10022;10205;10222;10310;10340;10299;10351;9981;9739;9825;9842;9759;9584;9431;9403;9284;9290;10274;10292;10153;9946;9881;9749;9749
48371;Pecos County;13748;13500;13500;13100;13100;13500;13600;13700;13900;14200;14618;15592;16946;17289;16969;17025;16622;15878;15119;14896;14598;14324;14043;14600;14736;16392;16166;16228;16087;16066;16707;16411;16284;15932;15846;15735;15810;15826;15887;16248;15529;15633;15586;15706;15907;16203;16203
48373;Polk County;14457;15400;16600;17900;18500;19500;20200;21100;22400;23700;24407;25648;26044;27902;28534;28464;29020;29832;29659;30065;30858;31851;33371;35306;37258;42481;44839;47519;50182;52520;41571;43085;44136;45072;45714;45944;46089;46463;46604;46530;45477;45688;45802;45913;46192;46972;46972
48375;Potter County;90511;92100;92700;91900;91300;93400;95200;95900;95500;97600;98637;100563;102612;104408;104694;104190;102934;101245;100205;98567;97822;98793;99818;101229;103450;107445;108308;108431;108289;109107;113733;114567;115809;117549;118324;119559;120711;120758;121143;121816;121415;122421;122894;122367;122276;121802;121802
48377;Presidio County;4842;5100;5100;5100;5000;5000;5100;5100;5000;5100;5188;5272;5475;5602;5787;5722;5621;6090;6232;6457;6736;6628;6866;7188;7466;7709;8008;8280;8554;8954;7352;7388;7492;7519;7475;7608;7508;7569;7527;7470;7876;7752;7564;7286;7040;6876;6876
48379;Rains County;3752;4000;4200;4400;4300;4400;4500;4600;4600;4800;4839;4987;5247;5568;5776;5835;5940;6366;6461;6628;6726;6821;6952;7166;7364;7662;7874;8209;8589;8957;9217;9709;10057;10384;10568;10738;11007;11221;11269;11287;10930;11025;10943;11028;11029;11161;11161
48381;Randall County;53885;55400;57300;59200;61900;62100;63500;66500;69500;72700;75062;76782;78305;79376;82433;83536;85981;87611;89648;90098;89670;90397;91481;93193;94181;95571;96384;97671;98779;99584;104713;105238;105859;106834;108366;109708;110751;112775;114291;116483;121197;123371;124919;126665;128684;130269;130269
48383;Reagan County;3239;3400;3100;3000;3100;3400;3500;3600;3700;3800;4135;4620;4899;5036;4949;5225;5264;4728;4735;4596;4493;4412;4502;4481;4369;4255;4195;4210;4232;3865;3296;3198;3116;3022;3010;2953;2933;2989;3022;3014;3348;3385;3466;3601;3746;3792;3792
48385;Real County;2013;2000;2100;2200;2100;2200;2200;2200;2200;2300;2469;2567;2524;2583;2507;2424;2301;2288;2272;2480;2410;2428;2476;2468;2456;2590;2692;2659;2701;2727;3062;2980;2943;2986;2967;2945;3016;3018;2927;2925;3320;3424;3368;3321;3359;3307;3307
48387;Red River County;14298;14900;15400;15400;15400;15600;15600;15800;15800;15800;16101;16074;15803;15921;15753;15557;15200;15201;14896;14609;14245;14120;13948;13927;13885;13891;13915;13775;13740;13685;14286;14176;13927;13693;13580;13421;13215;13063;12918;12765;12854;12697;12714;12496;12472;12455;12455
48389;Reeves County;16526;16600;16400;16000;16300;16500;16300;15900;15600;15800;15801;16384;17257;17256;17071;17026;17023;16545;16463;16010;15759;15629;15437;15498;15163;14962;14863;14569;14308;14020;13050;12684;12415;12031;11572;11263;11078;11104;11011;11046;13816;13774;13911;14089;14391;14732;14732
48391;Refugio County;9494;9600;9400;9100;8600;8600;8700;8700;8700;8800;9289;9403;9379;9444;9115;8884;8851;8698;8455;8192;7930;7826;7860;7784;7764;7776;7873;7888;7899;7735;7824;7751;7632;7511;7565;7517;7451;7320;7306;7225;7360;7309;7236;7247;7302;7289;7289
48393;Roberts County;967;1000;1000;1000;1000;1000;1000;1100;1200;1100;1187;1170;1224;1191;1112;1123;1105;1078;1004;977;1040;1007;1026;1002;996;963;976;991;936;924;883;872;847;804;815;822;811;843;856;878;925;933;951;921;921;916;916
48395;Robertson County;14389;14500;14900;14700;14500;14600;14400;14500;14400;14800;14653;15178;15452;15850;16075;16228;16044;15735;15511;15558;15500;15441;15345;15333;15464;15550;15454;15435;15613;15762;16033;16023;15840;15777;15856;15977;15937;15819;15710;15706;16571;16669;16455;16428;16448;16659;16659
48397;Rockwall County;7046;7400;7700;8900;9600;9600;10200;10900;12000;13500;14528;15576;16644;17371;18803;20721;22476;24079;24059;24744;25891;27183;28941;30121;31493;32716;34108;35581;37202;39489;43880;47114;50819;54472;57969;62302;68653;73947;77775;81391;78960;81100;82928;85154;87635;90861;90861
48399;Runnels County;12108;12000;12200;11700;11700;11700;11600;11600;11600;11800;11872;11931;12206;12416;12749;12550;12423;12199;11872;11585;11225;11075;10971;11015;11150;11268;11300;11434;11518;11337;11476;11138;10958;10741;10674;10707;10429;10322;10250;10170;10505;10560;10421;10286;10406;10551;10551
48401;Rusk County;34102;34700;35800;36400;37400;37800;38400;39600;40500;41100;41382;41994;43274;44168;43998;43926;43681;43924;43968;43618;43739;43831;43880;43942;44139;45112;45291;45455;45743;45819;47359;47378;47406;47302;47537;47666;47974;48450;48949;49180;53338;53692;53835;53420;53270;53070;53070
48403;Sabine County;7187;7200;7500;7800;7700;7900;7900;8100;8300;8500;8702;8817;8955;9275;9468;9513;9507;9470;9564;9613;9571;9664;9618;9880;10093;10358;10472;10564;10513;10553;10444;10419;10401;10336;10287;10170;10245;10147;10114;10208;10865;10679;10464;10348;10339;10368;10368
48405;San Augustine County;7858;8000;8200;8200;8200;8300;8400;8700;8700;8700;8785;8961;8929;8840;8580;8487;8427;8405;8364;8150;7964;7968;8035;7976;7934;8024;7987;8137;8101;8079;8956;8806;8874;8856;8858;8781;8794;8685;8631;8574;8846;8854;8840;8724;8584;8473;8473
48407;San Jacinto County;6702;6900;7800;8200;8200;8400;8200;9100;9800;10600;11434;11724;12297;13641;14188;14660;15026;15252;15713;16139;16402;16726;17262;18004;18584;19251;19961;20829;21828;22554;22450;22762;23154;23707;24224;24342;24357;24790;24836;24902;26445;26818;27003;26786;27096;27413;27413
48409;San Patricio County;47288;47900;49600;50800;50100;50600;51800;53000;53900;56200;58013;59389;61470;62344;61891;61135;61664;60681;59371;58629;58821;59553;60632;63690;64734;65881;67292;69217;70737;71636;67362;66980;66960;67136;67763;68630;68472;68299;68338;68223;64483;64476;65344;66250;66924;67357;67357
48411;San Saba County;5540;5500;5800;5700;5600;5700;5500;5400;5400;5400;5841;5765;5847;5984;5942;5815;5669;5761;5816;5538;5370;5223;5666;5850;5987;6055;5637;5918;5817;5812;6201;6167;6049;5991;6055;5962;5938;5902;5849;5871;6133;6041;5983;5712;5830;5901;5901
48413;Schleicher County;2277;2200;2200;2500;2400;2500;2600;2600;2700;2700;2820;2939;3219;3459;3412;3261;3244;2981;2976;2832;3033;3040;3045;2979;3008;3058;3074;3023;2970;2938;2916;2944;2899;2763;2727;2743;2701;2746;2731;2731;3500;3302;3252;3198;3159;3211;3211
48415;Scurry County;15760;16400;17700;17100;17200;17700;18100;18000;18200;18100;18192;18899;20018;20665;20688;20823;20493;19602;18741;18545;18611;18429;18699;18218;18132;18217;18259;18121;18001;17649;16240;15746;15864;15728;15871;15790;15898;16039;16022;16222;16940;16878;17094;17246;17356;17615;17615
48417;Shackelford County;3323;3500;3300;3400;3400;3600;3500;3600;3600;3800;3915;4026;4235;4290;4305;4198;4121;3824;3573;3436;3283;3311;3307;3381;3317;3246;3266;3294;3288;3220;3299;3304;3323;3246;3152;3117;3080;3116;3045;3047;3368;3342;3370;3373;3323;3350;3350
48419;Shelby County;19672;20300;20500;21200;21400;21800;21700;22000;22300;22700;23084;23318;23263;23117;23082;22812;22384;22415;22447;22290;22007;22070;21870;22138;22311;22453;22584;22572;22882;22685;25264;25344;25458;25823;25755;25968;26123;26380;26505;26812;25436;25719;26029;25896;25581;25402;25402
48421;Sherman County;3657;3500;3300;3300;3400;3400;3500;3400;3300;3200;3174;3218;3234;3247;3077;3112;3053;2979;2935;3000;2837;2857;2801;2748;2865;2843;2814;2897;2866;2898;3182;3121;3140;3076;2999;2907;2873;2891;2941;2913;3027;3032;3064;3083;3077;3072;3072
48423;Smith County;97096;99800;103800;105800;108800;111700;114300;117100;120700;125900;128366;132734;137348;141243;145030;148975;151554;152388;152164;150876;151467;153286;154576;157297;159193;161410;163625;165693;168070;169693;175500;177511;180546;183345;186172;189910;194404;198018;201160;204665;210470;212832;215088;216854;220050;222936;222936
48425;Somervell County;2793;2900;2900;2900;3100;3100;3400;3700;3800;3900;4154;3988;4373;4763;4840;4829;5017;5281;5729;5766;5271;5275;5532;5632;5710;5902;6009;6189;6385;6615;6830;6900;7092;7232;7309;7415;7598;7702;7906;8031;8499;8444;8586;8607;8665;8739;8739
48427;Starr County;17707;18500;19400;20600;20700;22000;23300;24100;25000;26000;27266;29188;30442;32344;33376;34274;36330;37493;38591;39811;40873;42873;44846;47321;49764;51309;53122;54393;55443;56577;53818;54565;55862;57317;58668;59266;60240;60949;61552;62671;61172;61763;62023;62509;63149;63795;63795
48429;Stephens County;8414;8600;8700;8200;8400;8600;8900;9100;9400;9600;9926;10231;10895;10810;10591;10494;10702;10378;9730;9236;8952;8644;8606;8733;8897;9595;9753;9946;9732;9737;9637;9446;9354;9370;9286;9363;9396;9458;9520;9632;9607;9518;9579;9349;9375;9440;9440
48431;Sterling County;1056;1100;1100;1000;1000;1000;1000;1100;1100;1200;1206;1278;1401;1508;1581;1632;1641;1525;1514;1495;1427;1453;1506;1522;1518;1470;1413;1366;1384;1328;1373;1363;1357;1327;1307;1251;1185;1219;1249;1259;1138;1169;1189;1232;1352;1352;1352
48433;Stonewall County;2397;2500;2300;2300;2300;2300;2300;2200;2300;2300;2406;2401;2424;2501;2464;2329;2268;2205;2176;2083;1995;1992;1996;1984;1966;1901;1786;1811;1796;1715;1677;1568;1473;1429;1396;1351;1368;1376;1384;1354;1495;1478;1468;1429;1397;1410;1410
48435;Sutton County;3175;3200;3100;3400;3800;4300;4700;5000;4700;5100;5130;5545;5878;5936;5674;5495;5262;4667;4456;4146;4123;4302;4189;4194;4240;4411;4402;4424;4468;4309;4029;4036;4073;4022;4114;4190;4283;4294;4311;4273;4060;4013;3931;4001;3971;3913;3913
48437;Swisher County;10373;10500;10500;10600;10300;10400;10400;10100;10100;10000;9723;9539;9261;9107;8970;8937;8875;8691;8640;8424;8076;7970;8301;8503;8567;8586;8449;8345;8280;8262;8359;8228;8017;7958;7857;7744;7691;7631;7555;7424;7891;7823;7878;7747;7584;7533;7533
48439;Tarrant County;715587;726400;721900;727100;746200;759000;781100;794100;809800;835100;860880;895556;933829;967408;1001836;1043207;1083641;1116110;1133193;1149530;1176316;1201372;1217882;1232160;1254153;1273879;1298205;1325526;1354040;1382442;1454402;1488516;1523284;1552186;1580347;1612195;1662902;1709745;1749974;1789900;1816528;1848011;1882338;1913437;1946346;1982498;1982498
48441;Taylor County;97853;99800;103300;102500;103500;105300;107000;106200;107000;108600;110932;115025;119410;121793;122280;122466;124470;123334;120515;120302;119536;118851;121092;121048;120891;122098;121206;121579;122036;122478;126468;125455;125341;125264;125753;125978;126082;126542;126651;127683;131868;132864;134201;134016;135044;136051;136051
48443;Terrell County;1940;1800;2000;1900;1900;1800;1700;1700;1600;1600;1595;1614;1568;1609;1587;1571;1558;1580;1555;1526;1379;1372;1352;1390;1329;1311;1235;1185;1174;1202;1061;1023;1019;1007;956;962;944;917;919;969;1009;949;914;883;893;837;837
48445;Terry County;14118;14500;14700;14500;14100;14500;14200;14400;14500;14600;14581;14674;15015;15023;14920;14732;14543;13836;13781;13431;13168;13051;12948;12827;12736;13048;12995;12988;12892;12786;12707;12432;12476;12411;12365;12207;12197;12141;12083;12142;12663;12647;12598;12679;12773;12739;12739
48447;Throckmorton County;2205;2400;2300;2300;2200;2100;2100;2000;2000;2000;2053;2141;2250;2304;2399;2189;2201;2057;1997;1961;1860;1840;1802;1795;1815;1822;1766;1710;1704;1695;1834;1793;1739;1693;1634;1672;1681;1624;1596;1593;1632;1640;1605;1606;1614;1579;1579
48449;Titus County;16702;17500;17700;18200;18700;19200;19600;20100;20500;21000;21442;21925;22606;23280;23213;23384;23703;23517;23835;23783;24057;24260;24557;24388;24386;24661;24746;25090;25423;25343;28112;27923;28064;28457;28807;28009;28574;29129;29637;30206;32401;32434;32631;32590;32487;32623;32623
48451;Tom Green County;71047;73000;72500;74800;75800;77600;78800;79400;80700;82900;84784;87227;90883;94543;96152;96368;97247;97494;98596;99676;98257;97923;99107;99661;100776;101077;101789;102285;102685;102300;104043;103855;104041;104666;104810;104961;105912;106517;107445;108378;110676;111837;113493;114963;116881;118105;118105
48453;Travis County;295516;310300;332200;349300;358900;369700;386100;393400;390600;414400;419573;430442;449814;473881;499415;530511;547418;552135;557219;565405;579743;595609;612738;630909;647304;665302;679461;691965;709182;727022;820927;847941;852965;862463;878877;901185;937423;970477;998561;1026158;1030431;1062041;1096661;1121968;1150996;1176558;1176558
48455;Trinity County;7628;7900;8000;8200;8400;8300;8600;8700;8700;9100;9450;9681;10214;10480;11005;11181;11497;11489;11510;11518;11441;11445;11513;11828;12164;12232;12331;12459;12611;12713;13819;13834;13963;14019;14055;14122;14051;14021;13934;13897;14710;14654;14319;14409;14241;14402;14402
48457;Tyler County;12417;12600;13000;13800;13700;13800;14200;14800;15300;15800;16223;16377;16531;16852;17372;17421;17318;17163;16877;16645;16654;16918;17859;18137;18698;20001;19948;20209;20373;20495;20869;20540;20559;20397;20477;20218;20166;20294;20467;20556;21760;21672;21450;21450;21389;21347;21347
48459;Upshur County;20976;22500;23500;22900;23900;24400;24800;25800;26800;27900;28595;29622;31213;32230;32239;31819;31896;31363;31488;31234;31400;32036;32396;33045;33432;34256;34751;35476;35821;36541;35364;35637;36536;36899;37090;37392;37328;37515;37882;38057;39379;39760;39945;39808;40366;40603;40603
48461;Upton County;4697;4700;4500;4400;4400;4600;4700;4600;4500;4600;4619;4748;5387;5469;5394;5487;5434;5036;4872;4733;4379;4238;4117;3994;3997;3931;3779;3802;3767;3552;3378;3211;3232;3137;3082;3011;3047;2976;3067;3130;3343;3286;3259;3365;3465;3651;3651
48463;Uvalde County;17348;17700;18300;19100;19400;20100;20700;21100;21700;22000;22441;22652;23096;23717;24014;24056;23847;23499;23747;23478;23324;23442;23974;23890;24553;24791;25128;25480;25448;26002;25924;26005;26423;26391;26388;26586;26561;26548;26611;26811;26447;26584;26775;26944;27214;27245;27245
48465;Val Verde County;27471;28600;29600;30500;31300;32200;33200;33600;33900;35300;35910;37237;38388;39674;39303;39365;39694;39846;39626;39520;38568;39525;40052;40479;41401;42015;42576;42868;43637;44188;45023;45110;45480;46298;46927;47033;47241;47521;47705;48165;49011;49000;48939;49056;48916;48988;48988
48467;Van Zandt County;22155;24500;26300;27000;28000;28100;28500;29300;29900;30900;31426;31786;32776;34092;35451;36307;37230;37495;37971;37877;37992;38613;38960;39659;40607;41395;42552;43054;43961;44905;48347;48945;49947;50218;51255;51395;51974;51866;52130;52005;52623;52592;52303;52398;52839;53547;53547
48469;Victoria County;53766;54600;55000;56600;57500;59200;60600;61800;64000;66700;68807;71454;74178;75036;75484;75875;76560;75248;74294;73565;74563;75585;76923;78013;79153;79616;80340;80649;81672;82087;84011;84681;84867;85031;85228;85053;85258;86155;86774;87790;86860;87468;89291;90138;91217;92382;92382
48471;Walker County;27680;29800;33500;35600;37000;35600;36000;36600;38300;40200;41789;43053;46011;47650;49043;49833;50746;51321;51697;51211;50875;51767;52509;53025;53421;54028;54108;54408;54802;54988;61745;62220;61656;62762;63446;64330;63953;63686;63554;64119;68213;68316;68497;69341;69798;70699;70699
48473;Waller County;14285;14900;15200;15800;16100;16500;16900;17200;18000;17600;19798;21024;21913;23275;23370;23635;23389;23321;23362;23271;23426;23085;23923;24621;25234;25716;26394;26736;27248;28070;32842;33208;33960;34735;34721;34505;34929;35827;35970;36530;43455;44023;44337;45420;46798;48656;48656
48475;Ward County;13019;13000;12500;12700;12300;12600;12700;12600;12800;13100;13976;14744;16211;16279;15997;15994;15692;14718;14008;13587;12986;12813;12516;12218;12110;12034;11919;11755;11795;11498;10819;10465;10351;10209;10148;10159;10198;10145;10454;10528;10604;10686;10865;11238;11613;11721;11721
48477;Washington County;18842;18900;19300;19900;20200;20100;20600;20600;21000;21700;21998;23015;24240;24853;25480;25948;26164;26429;26477;26198;26135;26087;26585;27136;27665;28053;28400;28767;29119;29091;30420;30469;30735;30909;31187;31491;31893;32071;32412;32893;33726;33962;33880;34160;34413;34765;34765
48479;Webb County;72859;77600;81000;83100;77300;83000;88500;91500;93800;96800;99258;105077;111106;115419;116566;118164;122011;124528;126575;129943;134517;140492;147823;155747;162834;169715;174365;180370;186798;193180;194523;199914;205096;210229;215775;220968;225985;230848;235937;241438;251337;255639;260015;263861;267018;269721;269721
48481;Wharton County;36729;37100;37600;36900;36300;37000;37300;38200;38600;39500;40242;40557;41247;41428;41617;41561;41130;40297;40348;40326;39832;39688;39928;39911;39932;39892;39897;40005;40120;40285;41228;41007;40937;41005;40954;40923;41009;40801;40863;41000;41312;41248;41151;41239;41197;41486;41486
48483;Wheeler County;6434;6400;6300;6300;6300;6400;6400;6500;6600;6900;7137;7308;7999;8254;7795;7343;7040;6847;6602;6154;5798;5668;5564;5485;5432;5420;5316;5340;5286;5320;5237;5102;4971;4750;4709;4669;4722;4761;4775;4888;5396;5453;5589;5715;5678;5657;5657
48485;Wichita County;120563;121700;119700;119500;121200;121300;124200;123100;121600;121300;121082;123144;125166;125917;125806;126136;126614;124467;123301;122885;122202;120966;120327;122034;123747;126582;129067;128689;128497;128237;131591;130191;130128;130564;130756;129475;129302;128228;127701;127616;131809;130859;131787;132480;132955;131705;131705
48487;Wilbarger County;15355;15600;16300;15400;15500;15900;15600;15700;15700;16000;15931;16193;16493;16790;17006;16966;16928;16302;15883;15321;15076;14819;14642;14502;14474;14350;14271;14214;14076;14035;14638;14362;14273;14084;13887;13918;13907;13747;13512;13541;13502;13426;13254;13137;12944;13027;13027
48489;Willacy County;15570;16100;16200;16300;16400;17200;17400;17300;17300;17500;17495;17889;18146;18506;18460;18373;18474;18291;18227;17895;17690;17928;18246;18746;18955;19155;19319;19505;19599;19650;20047;19818;19823;19857;20030;20316;20378;20347;20382;20395;22201;22119;22120;21953;21917;21903;21903
48491;Williamson County;37305;39600;42500;46900;48100;50300;53100;58100;64900;70900;76521;81837;87159;92624;99662;110657;119712;126560;129602;135715;140623;146654;153405;162237;172718;183375;197812;210292;223665;240892;254962;276610;289810;302458;316123;331669;351456;373234;395146;410686;426488;442466;456469;471082;489428;508514;508514
48493;Wilson County;13041;13300;13700;14200;14400;14600;14700;15000;15300;15800;16756;17021;17591;18021;18770;19158;19860;20639;21350;22057;22823;23328;23822;24729;25954;27514;28812;30196;31304;32504;32706;33259;33974;34999;36104;36906;38002;39156;40350;40749;43075;43705;44450;45429;46440;47520;47520
48495;Winkler County;9640;9400;9300;9000;8800;9300;9400;9600;9600;9700;9944;10516;11654;11455;11099;10849;10369;9283;9022;8769;8578;8588;8437;8160;8106;7926;7857;7881;7971;7752;7077;7017;6899;6640;6609;6425;6448;6537;6734;6772;7080;7139;7336;7601;7798;8005;8005
48497;Wise County;19687;20300;20700;21900;22400;22800;23300;23800;24800;25800;26575;27219;28373;29405;30395;31745;33544;34205;34431;34543;34753;35316;35681;36058;37143;38947;40307;42442;44326;46709;49407;51009;52500;53819;54663;55800;56806;57569;58484;59415;59108;59969;60430;61048;61813;62953;62953
48499;Wood County;18589;20100;20700;20900;21300;21800;22000;23000;23300;23900;24697;24984;25610;26863;27515;27631;28364;28747;29114;29159;29410;29417;29858;30691;31678;32503;33430;33974;34317;34443;36877;37472;37916;39316;40107;40523;41834;42270;42757;43136;42007;42157;42511;42553;42985;43356;43356
48501;Yoakum County;7344;7400;7600;7500;7700;7800;7900;7700;7900;8100;8299;8385;8510;8979;9191;9521;9597;9188;9052;8911;8756;8694;8790;8603;8430;8211;8178;8000;7969;7809;7277;7281;7177;7171;7272;7288;7264;7427;7590;7698;7845;7986;8038;8168;8326;8546;8546
48503;Young County;15400;15800;15600;15100;15500;15900;16100;16800;17300;17900;19083;19592;20546;21046;20938;20689;20425;19704;19014;18575;17991;17830;17636;17618;17580;17662;17473;17588;17555;17551;17907;17650;17601;17748;17703;17507;17860;17724;17621;17792;18543;18356;18299;18378;18340;18270;18270
48505;Zapata County;4352;4500;4600;4700;4800;5000;5400;5700;6000;6400;6628;7098;7690;7961;8164;8366;8480;8610;8969;9130;9326;9515;9813;10232;10561;10819;11042;11167;11446;11436;12205;12382;12636;12708;12856;13181;13216;13546;13827;14036;14075;14210;14250;14373;14333;14374;14374
48507;Zavala County;11370;11800;11700;11500;11000;11600;11700;11800;11700;11600;11666;11851;12197;12474;12332;12122;12355;12491;12221;12098;12171;12254;12247;12196;12207;12247;12117;11811;11887;11889;11599;11563;11586;11480;11481;11533;11613;11640;11729;11585;11711;11822;11943;12128;12170;12235;12235
